feature,importance
location_risk_encoded,0.3276080021606498
hour,0.17210344644992392
amount_log,0.12807877674684381
amount,0.11498046163528733
category_encoded,0.0835387195723169
is_night,0.06960953378333673
is_high_amount,0.03481375790650214
account_age_days,0.03404350823253813
is_new_account,0.017853128816741955
merchant_encoded,0.00977356560515327
day_of_week,0.006074590601852081
is_weekend,0.0015225084888538139
